Name,Email,Phone,City
Aarav Sharma,aarav.sharma@example.com,+919876543210,Bengaluru
Priya Kumar,PRIYA.KUMAR@EXAMPLE.COM,9876543211,CHENNAI
Rahul Singh,rahul.singh@example.com,+91 9876543212,Mumbai
Ananya Patel,ananya.patel@example.com,919876543213,Delhi
Vikram Rao,vikram.rao@example.com,9876543214,Hyderabad
Sneha Iyer,sneha.iyer@example.com,+919876543215,Pune
Arjun Mehta,arjun.mehta@example.com,9876543216,Delhi
Kavya Nair,kavya.nair@example.com,+919876543217,Kochi
Rohan Das,rohan.das@example.com,9876543218,Kolkata
Meera Shah,meera.shah@example.com,+919876543219,Ahmedabad
John Mathew,john.mathew@example.com,9876543220,Chennai
Divya Kumar,divya.kumar@example.com,9876543221,Bengaluru
Raj Malhotra,invalid-email,9876543222,Mumbai
Neha Kapoor,neha.kapoor@example.com,12345,Delhi
Amit Verma,amit.verma@example.com,+919876543223,Hyderabad
Amit Verma,amit.verma@example.com,+919876543223,Hyderabad